url,property_id,property_type,locality_name,postal_code,build_year,state,living_area,furnished,number_rooms,equipped_kitchen,terrace,facades,garden,garden_area,swimming_pool,price
https://immovlan.be/en/projectdetail/1380834-6700164,1380834-6700164,,Aywaille,4920.0,,,,,,,,,0,,0,265 000 € - 299 000 €
https://immovlan.be/en/projectdetail/1383956-01249060_om_3712,1383956-01249060_om_3712,,Eernegem,8480.0,,,,,,,,,0,,0,215 000 € - 335 000 €
https://immovlan.be/en/projectdetail/1383956-01249060_om_4076,1383956-01249060_om_4076,,Eernegem,8480.0,,,,,,,,,0,,0,336 000 € - 397 500 €
https://immovlan.be/en/projectdetail/1383956-01249060_om_4194,1383956-01249060_om_4194,,Ichtegem,8480.0,,,,,,,,,0,,0,29 950 € - 285 000 €
https://immovlan.be/en/projectdetail/1383956-01249060_om_4249,1383956-01249060_om_4249,,Oudenburg,8460.0,,,,,,,,,0,,0,35 000 € - 326 200 €
https://immovlan.be/en/projectdetail/1428289-6839445,1428289-6839445,,Liege,4020.0,,,,,,,,,0,,0,431 000 € - 864 000 €
https://immovlan.be/en/projectdetail/1441863-6610471,1441863-6610471,,Montzen,4850.0,,,,,,,,,0,,0,280 000 € - 375 000 €
https://immovlan.be/en/projectdetail/1441863-6803384,1441863-6803384,,Dolembreux,4140.0,,,,,,,,,0,,0,425 000 € - 495 000 €
https://immovlan.be/en/projectdetail/1441863-7222871,1441863-7222871,,Theux,4910.0,,,,,,,,,0,,0,585 000 € - 630 000 €
https://immovlan.be/en/projectdetail/1477687-in00563967_om_33100,1477687-in00563967_om_33100,,Givry,7041.0,,,,,,,,,0,,0,79 000 € - 378 000 €
https://immovlan.be/en/projectdetail/1477687-in00563967_om_33240,1477687-in00563967_om_33240,,Romsée,4624.0,,,,,,,,,0,,0,329 000 € - 419 000 €
https://immovlan.be/en/projectdetail/1477687-in00563967_om_35377,1477687-in00563967_om_35377,,Belgrade,5001.0,,,,,,,,,0,,0,365 000 € - 489 000 €
https://immovlan.be/en/projectdetail/1477687-in00563967_om_35840,1477687-in00563967_om_35840,,Temploux,5020.0,,,,,,,,,0,,0,399 000 € - 429 000 €
https://immovlan.be/en/projectdetail/1477687-in00563967_om_36126,1477687-in00563967_om_36126,,Anseremme,5500.0,,,,,,,,,0,,0,329 000 € - 385 000 €
https://immovlan.be/en/projectdetail/1477687-in00563967_om_36158,1477687-in00563967_om_36158,,Ciplet,4260.0,,,,,,,,,0,,0,345 000 € - 355 000 €
https://immovlan.be/en/projectdetail/1477687-in00563967_om_36163,1477687-in00563967_om_36163,,Arsimont,5060.0,,,,,,,,,0,,0,309 000 € - 389 000 €
https://immovlan.be/en/projectdetail/1477687-in00563967_om_36312,1477687-in00563967_om_36312,,Viemme,4317.0,,,,,,,,,0,,0,365 000 € - 515 000 €
https://immovlan.be/en/projectdetail/1477687-in00563967_om_36350,1477687-in00563967_om_36350,,La Reid,4910.0,,,,,,,,,0,,0,489 000 € - 569 000 €
https://immovlan.be/en/projectdetail/1477687-in00563967_om_36403,1477687-in00563967_om_36403,,Mons,7000.0,,,,,,,,,0,,0,355 000 € - 489 000 €
https://immovlan.be/en/projectdetail/1477687-in00563967_om_36487,1477687-in00563967_om_36487,,Éghezée,5310.0,,,,,,,,,0,,0,149 000 € - 509 000 €
https://immovlan.be/en/projectdetail/1477687-in00563967_om_36517,1477687-in00563967_om_36517,,Mons,7000.0,,,,,,,,,0,,0,275 000 € - 320 000 €
https://immovlan.be/en/projectdetail/1477687-in00563967_om_36649,1477687-in00563967_om_36649,,Verlaine,4537.0,,,,,,,,,0,,0,379 000 € - 435 000 €
https://immovlan.be/en/projectdetail/1477687-in00563967_om_36662,1477687-in00563967_om_36662,,Thieu,7070.0,,,,,,,,,0,,0,299 000 € - 359 000 €
https://immovlan.be/en/projectdetail/1483514-in00563977_om_6563,1483514-in00563977_om_6563,,Namur,5000.0,,,,,,,,,0,,0,237 000 € - 895 000 €
https://immovlan.be/en/projectdetail/1485768-01267924_om_216274,1485768-01267924_om_216274,,Turnhout,2300.0,,,,,,,,,0,,0,243 000 € - 499 000 €
https://immovlan.be/en/projectdetail/1485768-01267924_om_256503,1485768-01267924_om_256503,,Turnhout,2300.0,,,,,,,,,0,,0,278 400 € - 337 050 €
https://immovlan.be/en/projectdetail/1485768-01267924_om_265085,1485768-01267924_om_265085,,Turnhout,2300.0,,,,,,,,,0,,0,189 000 € - 399 000 €
https://immovlan.be/en/projectdetail/1485768-01267924_om_265199,1485768-01267924_om_265199,,Turnhout,2300.0,,,,,,,,,0,,0,334 700 € - 344 700 €
https://immovlan.be/en/projectdetail/1485768-01267924_om_266704,1485768-01267924_om_266704,,Turnhout,2300.0,,,,,,,,,0,,0,149 000 € - 549 000 €
https://immovlan.be/en/projectdetail/1485768-01267924_om_268197,1485768-01267924_om_268197,,Vosselaar,2350.0,,,,,,,,,0,,0,295 000 € - 700 000 €
https://immovlan.be/en/projectdetail/1485768-01267924_om_269517,1485768-01267924_om_269517,,Turnhout,2300.0,,,,,,,,,0,,0,234 520 € - 996 933 €
https://immovlan.be/en/projectdetail/1485768-01267924_om_271170,1485768-01267924_om_271170,,Oud-Turnhout,2360.0,,,,,,,,,0,,0,272 000 € - 513 190 €
https://immovlan.be/en/projectdetail/1485768-01267924_om_272316,1485768-01267924_om_272316,,Minderhout,2322.0,,,,,,,,,0,,0,5 000 € - 549 000 €
https://immovlan.be/en/projectdetail/1485768-01267924_om_272327,1485768-01267924_om_272327,,Minderhout,2322.0,,,,,,,,,0,,0,5 000 € - 545 000 €
https://immovlan.be/en/projectdetail/1485768-01267924_om_273163,1485768-01267924_om_273163,,Turnhout,2300.0,,,,,,,,,0,,0,227 900 € - 999 999 €
https://immovlan.be/en/projectdetail/1485768-01267924_om_273355,1485768-01267924_om_273355,,Turnhout,2300.0,,,,,,,,,0,,0,232 900 € - 419 000 €
https://immovlan.be/en/projectdetail/1485769-00955250_om_187980,1485769-00955250_om_187980,,Herentals,2200.0,,,,,,,,,0,,0,375 000 € - 410 000 €
https://immovlan.be/en/projectdetail/1485769-00955250_om_241491,1485769-00955250_om_241491,,Herenthout,2270.0,,,,,,,,,0,,0,199 000 € - 349 000 €
https://immovlan.be/en/projectdetail/1485769-00955250_om_256366,1485769-00955250_om_256366,,Herentals,2200.0,,,,,,,,,0,,0,374 000 € - 403 000 €
https://immovlan.be/en/projectdetail/1485769-00955250_om_260337,1485769-00955250_om_260337,,Herentals,2200.0,,,,,,,,,0,,0,205 000 € - 515 000 €
https://immovlan.be/en/projectdetail/1485769-00955250_om_263984,1485769-00955250_om_263984,,Olen,2250.0,,,,,,,,,0,,0,314 280 € - 351 784 €
https://immovlan.be/en/projectdetail/1485769-00955250_om_263999,1485769-00955250_om_263999,,Olen,2250.0,,,,,,,,,0,,0,261 350 € - 321 552 €
https://immovlan.be/en/projectdetail/1485769-00955250_om_264006,1485769-00955250_om_264006,,Vorst,2430.0,,,,,,,,,0,,0,250 000 € - 389 000 €
https://immovlan.be/en/projectdetail/1485769-00955250_om_264275,1485769-00955250_om_264275,,Noorderwijk,2200.0,,,,,,,,,0,,0,430 000 € - 475 500 €
https://immovlan.be/en/projectdetail/1485769-00955250_om_264974,1485769-00955250_om_264974,,Lille,2275.0,,,,,,,,,0,,0,589 000 € - 609 000 €
https://immovlan.be/en/projectdetail/1485769-00955250_om_265216,1485769-00955250_om_265216,,Olen,2250.0,,,,,,,,,0,,0,294 500 € - 494 500 €
https://immovlan.be/en/projectdetail/1485769-00955250_om_265418,1485769-00955250_om_265418,,Olen,2250.0,,,,,,,,,0,,0,485 000 € - 515 000 €
https://immovlan.be/en/projectdetail/1485769-00955250_om_268051,1485769-00955250_om_268051,,Olen,2250.0,,,,,,,,,0,,0,265 000 € - 334 000 €
https://immovlan.be/en/projectdetail/1485769-00955250_om_268159,1485769-00955250_om_268159,,Olen,2250.0,,,,,,,,,0,,0,344 805 € - 369 067 €
https://immovlan.be/en/projectdetail/1485769-00955250_om_268194,1485769-00955250_om_268194,,Olen,2250.0,,,,,,,,,0,,0,325 101 € - 380 000 €
https://immovlan.be/en/projectdetail/1485769-00955250_om_270721,1485769-00955250_om_270721,,Grobbendonk,2280.0,,,,,,,,,0,,0,411 336 € - 421 605 €
https://immovlan.be/en/projectdetail/1485769-00955250_om_271290,1485769-00955250_om_271290,,Noorderwijk,2200.0,,,,,,,,,0,,0,365 000 € - 420 835 €
https://immovlan.be/en/projectdetail/1485769-00955250_om_271988,1485769-00955250_om_271988,,Noorderwijk,2200.0,,,,,,,,,0,,0,240 000 € - 415 000 €
https://immovlan.be/en/projectdetail/1485769-00955250_om_272606,1485769-00955250_om_272606,,Herentals,2200.0,,,,,,,,,0,,0,249 500 € - 361 500 €
https://immovlan.be/en/projectdetail/1485769-00955250_om_272775,1485769-00955250_om_272775,,Noorderwijk,2200.0,,,,,,,,,0,,0,399 000 € - 539 000 €
https://immovlan.be/en/projectdetail/1485769-00955250_om_272797,1485769-00955250_om_272797,,Herentals,2200.0,,,,,,,,,0,,0,375 000 € - 403 000 €
https://immovlan.be/en/projectdetail/1485770-01267920_om_236311,1485770-01267920_om_236311,,Berlaar,2590.0,,,,,,,,,0,,0,325 000 € - 399 000 €
https://immovlan.be/en/projectdetail/1485770-01267920_om_248296,1485770-01267920_om_248296,,Lier,2500.0,,,,,,,,,0,,0,199 902 € - 425 395 €
https://immovlan.be/en/projectdetail/1485770-01267920_om_258544,1485770-01267920_om_258544,,Lier,2500.0,,,,,,,,,0,,0,189 900 € - 319 900 €
https://immovlan.be/en/projectdetail/1485770-01267920_om_262183,1485770-01267920_om_262183,,Emblem,2520.0,,,,,,,,,0,,0,440 000 € - 480 715 €
https://immovlan.be/en/projectdetail/1485770-01267920_om_266078,1485770-01267920_om_266078,,Lier,2500.0,,,,,,,,,0,,0,302 000 € - 417 600 €
https://immovlan.be/en/projectdetail/1485770-01267920_om_266096,1485770-01267920_om_266096,,Lier,2500.0,,,,,,,,,0,,0,170 000 € - 451 000 €
https://immovlan.be/en/projectdetail/1485770-01267920_om_266116,1485770-01267920_om_266116,,Lier,2500.0,,,,,,,,,0,,0,259 000 € - 549 000 €
https://immovlan.be/en/projectdetail/1485770-01267920_om_266213,1485770-01267920_om_266213,,Nijlen,2560.0,,,,,,,,,0,,0,445 000 € - 464 000 €
https://immovlan.be/en/projectdetail/1485770-01267920_om_266550,1485770-01267920_om_266550,,Kontich,2550.0,,,,,,,,,0,,0,440 000 € - 491 000 €
https://immovlan.be/en/projectdetail/1485770-01267920_om_272952,1485770-01267920_om_272952,,Zandhoven,2240.0,,,,,,,,,0,,0,259 000 € - 453 000 €
https://immovlan.be/en/projectdetail/1485770-01267920_om_272996,1485770-01267920_om_272996,,Duffel,2570.0,,,,,,,,,0,,0,589 000 € - 594 000 €
https://immovlan.be/en/projectdetail/1485771-01267921_om_261165,1485771-01267921_om_261165,,Meerhout,2450.0,,,,,,,,,0,,0,308 000 € - 395 000 €
https://immovlan.be/en/projectdetail/1485771-01267921_om_262711,1485771-01267921_om_262711,,Westerlo,2260.0,,,,,,,,,0,,0,310 000 € - 560 000 €
https://immovlan.be/en/projectdetail/1485771-01267921_om_266369,1485771-01267921_om_266369,,Vorst,2430.0,,,,,,,,,0,,0,227 000 € - 292 000 €
https://immovlan.be/en/projectdetail/1485771-01267921_om_270153,1485771-01267921_om_270153,,Geel,2440.0,,,,,,,,,0,,0,223 000 € - 435 700 €
https://immovlan.be/en/projectdetail/1485771-01267921_om_270179,1485771-01267921_om_270179,,Mol,2400.0,,,,,,,,,0,,0,400 000 € - 531 500 €
https://immovlan.be/en/projectdetail/1485771-01267921_om_270996,1485771-01267921_om_270996,,Westerlo,2260.0,,,,,,,,,0,,0,315 000 € - 399 000 €
https://immovlan.be/en/projectdetail/1485771-01267921_om_272263,1485771-01267921_om_272263,,Laakdal,2430.0,,,,,,,,,0,,0,239 500 € - 439 000 €
https://immovlan.be/en/projectdetail/1485771-01267921_om_272277,1485771-01267921_om_272277,,Westerlo,2260.0,,,,,,,,,0,,0,495 000 € - 498 000 €
https://immovlan.be/en/projectdetail/1485771-01267921_om_272674,1485771-01267921_om_272674,,Zoerle-Parwijs,2260.0,,,,,,,,,0,,0,450 000 € - 460 000 €
https://immovlan.be/en/projectdetail/1485772-01267922_om_263977,1485772-01267922_om_263977,,Hoogstraten,2320.0,,,,,,,,,0,,0,569 000 € - 589 000 €
https://immovlan.be/en/projectdetail/1485772-01267922_om_264393,1485772-01267922_om_264393,,Rijkevorsel,2310.0,,,,,,,,,0,,0,257 000 € - 567 000 €
https://immovlan.be/en/projectdetail/1507364-142,1507364-142,,Mons,7000.0,,,,,,,,,0,,0,215 000 € - 404 000 €
https://immovlan.be/en/projectdetail/1507364-146,1507364-146,,Mons,7000.0,,,,,,,,,0,,0,183 000 € - 366 000 €
https://immovlan.be/en/projectdetail/1507364-147,1507364-147,,Braine-le-Comte,7090.0,,,,,,,,,0,,0,167 000 € - 353 000 €
https://immovlan.be/en/projectdetail/1507364-148,1507364-148,,Braine-le-Comte,7090.0,,,,,,,,,0,,0,218 000 € - 312 000 €
https://immovlan.be/en/projectdetail/1507364-9,1507364-9,,Braine-le-Comte,7090.0,,,,,,,,,0,,0,328 000 € - 330 000 €
https://immovlan.be/en/projectdetail/1524299-4370528,1524299-4370528,,Ans,4430.0,,,,,,,,,0,,0,232 200 € - 342 200 €
https://immovlan.be/en/projectdetail/1524299-4371935,1524299-4371935,,Bassenge,4690.0,,,,,,,,,0,,0,344 000 € - 357 500 €
https://immovlan.be/en/projectdetail/1524299-4520565,1524299-4520565,,Jemeppe,4101.0,,,,,,,,,0,,0,291 200 € - 296 600 €
https://immovlan.be/en/projectdetail/1524299-5106175,1524299-5106175,,Herstal,4040.0,,,,,,,,,0,,0,267 600 € - 271 600 €
https://immovlan.be/en/projectdetail/1524299-5106641,1524299-5106641,,Louveigné,4141.0,,,,,,,,,0,,0,500 900 € - 523 500 €
https://immovlan.be/en/projectdetail/1524299-5106819,1524299-5106819,,Liege,4000.0,,,,,,,,,0,,0,265 100 € - 303 400 €
https://immovlan.be/en/projectdetail/1524299-5322677,1524299-5322677,,Ans,4430.0,,,,,,,,,0,,0,228 500 € - 339 900 €
https://immovlan.be/en/projectdetail/1532470-00933495_om_984,1532470-00933495_om_984,,Denderleeuw,9470.0,,,,,,,,,0,,0,437 673 € - 456 851 €
https://immovlan.be/en/projectdetail/1541941-4043941,1541941-4043941,,Laakdal,2430.0,,,,,,,,,0,,0,234 000 € - 319 000 €
https://immovlan.be/en/projectdetail/1575519-dbd3f993-1934-4a75-be7f-2b6cd93ff10b,1575519-dbd3f993-1934-4a75-be7f-2b6cd93ff10b,,Houyet,5560.0,,,,,,,,,0,,0,139 000 € - 179 000 €
https://immovlan.be/en/projectdetail/1583379-4306082,1583379-4306082,,Oreye,4360.0,,,,,,,,,0,,0,231 000 € - 241 000 €
https://immovlan.be/en/projectdetail/1583379-6291038,1583379-6291038,,Waremme,4300.0,,,,,,,,,0,,0,282 286 € - 353 567 €
https://immovlan.be/en/projectdetail/1635919-01315799_om_237850,1635919-01315799_om_237850,,Mechelen,2800.0,,,,,,,,,0,,0,289 000 € - 946 242 €
https://immovlan.be/en/projectdetail/1635919-01315799_om_266189,1635919-01315799_om_266189,,Puurs,2870.0,,,,,,,,,0,,0,359 000 € - 489 000 €
https://immovlan.be/en/projectdetail/1635919-01315799_om_268166,1635919-01315799_om_268166,,Willebroek,2830.0,,,,,,,,,0,,0,209 000 € - 515 000 €
https://immovlan.be/en/projectdetail/1635919-01315799_om_269824,1635919-01315799_om_269824,,Ruisbroek,2870.0,,,,,,,,,0,,0,250 000 € - 277 966 €
https://immovlan.be/en/projectdetail/1635919-01315799_om_269843,1635919-01315799_om_269843,,Ruisbroek,2870.0,,,,,,,,,0,,0,373 450 € - 391 638 €
https://immovlan.be/en/projectdetail/1637219-6132890,1637219-6132890,,Heusden-Zolder,3550.0,,,,,,,,,0,,0,208 050 € - 354 750 €
https://immovlan.be/en/projectdetail/1637219-6798078,1637219-6798078,,Heusden-Zolder,3550.0,,,,,,,,,0,,0,352 000 € - 375 000 €
https://immovlan.be/en/projectdetail/1637219-6826522,1637219-6826522,,Houthalen-Helchteren,3530.0,,,,,,,,,0,,0,259 000 € - 269 000 €
https://immovlan.be/en/projectdetail/1637219-7034077,1637219-7034077,,Heusden-Zolder,3550.0,,,,,,,,,0,,0,365 000 € - 375 000 €
https://immovlan.be/en/projectdetail/1637219-7120323,1637219-7120323,,Heusden-Zolder,3550.0,,,,,,,,,0,,0,275 000 € - 375 000 €
https://immovlan.be/en/projectdetail/1637220-6663878,1637220-6663878,,Maasmechelen,3630.0,,,,,,,,,0,,0,234 725 € - 258 340 €
https://immovlan.be/en/projectdetail/1637220-6825212,1637220-6825212,,Maasmechelen,3630.0,,,,,,,,,0,,0,234 725 € - 258 340 €
https://immovlan.be/en/projectdetail/1640823-4173623,1640823-4173623,,Tongeren,3700.0,,,,,,,,,0,,0,205 000 € - 322 000 €
https://immovlan.be/en/projectdetail/1640823-4173730,1640823-4173730,,Gingelom,3890.0,,,,,,,,,0,,0,351 000 € - 484 000 €
https://immovlan.be/en/projectdetail/1640823-4173916,1640823-4173916,,Halen,3545.0,,,,,,,,,0,,0,282 300 € - 385 600 €
https://immovlan.be/en/projectdetail/1640823-4173981,1640823-4173981,,Sint-Truiden,3800.0,,,,,,,,,0,,0,306 000 € - 479 000 €
https://immovlan.be/en/projectdetail/1640823-4174120,1640823-4174120,,Wellen,3830.0,,,,,,,,,0,,0,323 000 € - 339 000 €
https://immovlan.be/en/projectdetail/1645097-in00001168_om_2580,1645097-in00001168_om_2580,,Ohey,5350.0,,,,,,,,,0,,0,321 321 € - 383 611 €
https://immovlan.be/en/projectdetail/1711099-4146255,1711099-4146255,,Beveren,9120.0,,,,,,,,,0,,0,282 500 € - 338 500 €
https://immovlan.be/en/projectdetail/1711099-4182634,1711099-4182634,,Aalst,9300.0,,,,,,,,,0,,0,315 500 € - 352 500 €
https://immovlan.be/en/projectdetail/1711099-4189892,1711099-4189892,,Roeselare,8800.0,,,,,,,,,0,,0,265 275 € - 501 843 €
https://immovlan.be/en/projectdetail/1716482-3865686,1716482-3865686,,Langemark-Poelkapelle,8920.0,,,,,,,,,0,,0,399 752 € - 545 373 €
https://immovlan.be/en/projectdetail/1716482-3883223,1716482-3883223,,Langemark-Poelkapelle,8920.0,,,,,,,,,0,,0,298 000 € - 344 000 €
https://immovlan.be/en/projectdetail/1716482-3893340,1716482-3893340,,Diksmuide,8600.0,,,,,,,,,0,,0,388 500 € - 449 500 €
https://immovlan.be/en/projectdetail/1716482-3966239,1716482-3966239,,Houthulst,8650.0,,,,,,,,,0,,0,286 000 € - 358 000 €
https://immovlan.be/en/projectdetail/1117794-5964558,1117794-5964558,,Ukkel,1180.0,,,,,,,,,0,,0,362 600 € - 630 740 €
https://immovlan.be/en/projectdetail/1138760-in00562508_om_18424,1138760-in00562508_om_18424,,Wiers,7608.0,,,,,,,,,0,,0,267 900 € - 299 979 €
https://immovlan.be/en/projectdetail/1138760-in00562508_om_18436,1138760-in00562508_om_18436,,Wiers,7608.0,,,,,,,,,0,,0,235 000 € - 255 000 €
https://immovlan.be/en/projectdetail/1143862-8359159,1143862-8359159,,Knokke-Heist,8300.0,,,,,,,,,0,,0,- 680 000 €
https://immovlan.be/en/projectdetail/1151029-4084542,1151029-4084542,,Sint-Truiden,3800.0,,,,,,,,,0,,0,219 000 € - 229 000 €
https://immovlan.be/en/projectdetail/1151029-4182133,1151029-4182133,,Sint-Truiden,3800.0,,,,,,,,,0,,0,209 000 € - 399 000 €
https://immovlan.be/en/projectdetail/1151333-8766173,1151333-8766173,,Antwerp,2000.0,,,,,,,,,0,,0,399 000 € - 699 000 €
https://immovlan.be/en/projectdetail/1152685-7855285,1152685-7855285,,Koksijde,8670.0,,,,,,,,,0,,0,485 000 € - 700 000 €
https://immovlan.be/en/projectdetail/1152685-8516151,1152685-8516151,,Koksijde,8670.0,,,,,,,,,0,,0,295 000 € - 895 000 €
https://immovlan.be/en/projectdetail/1159004-7202901,1159004-7202901,,Houyet,5560.0,,,,,,,,,0,,0,139 000 € - 179 000 €
https://immovlan.be/en/projectdetail/1180309-00114690_om_3034,1180309-00114690_om_3034,,Beverst,3740.0,,,,,,,,,0,,0,229 925 € - 500 000 €
https://immovlan.be/en/projectdetail/1180309-00114690_om_3230,1180309-00114690_om_3230,,Zonhoven,3520.0,,,,,,,,,0,,0,273 651 € - 480 316 €
https://immovlan.be/en/projectdetail/1180309-00114690_om_3278,1180309-00114690_om_3278,,Munsterbilzen,3740.0,,,,,,,,,0,,0,300 000 € - 438 385 €
https://immovlan.be/en/projectdetail/1180309-00114690_om_3317,1180309-00114690_om_3317,,Beverst,3740.0,,,,,,,,,0,,0,336 674 € - 538 896 €
https://immovlan.be/en/projectdetail/1197368-01159127_om_1170,1197368-01159127_om_1170,,Beringen,3580.0,,,,,,,,,0,,0,345 000 € - 360 000 €
https://immovlan.be/en/projectdetail/1197368-01159127_om_1847,1197368-01159127_om_1847,,Leopoldsburg,3970.0,,,,,,,,,0,,0,315 000 € - 325 000 €
https://immovlan.be/en/projectdetail/1197368-01159127_om_2324,1197368-01159127_om_2324,,Zonhoven,3520.0,,,,,,,,,0,,0,415 360 € - 498 156 €
https://immovlan.be/en/projectdetail/1197368-01159127_om_2660,1197368-01159127_om_2660,,Beringen,3580.0,,,,,,,,,0,,0,280 320 € - 499 000 €
https://immovlan.be/en/projectdetail/1285825-5292565,1285825-5292565,,Liege,4000.0,,,,,,,,,0,,0,331 660 € - 575 000 €
https://immovlan.be/en/projectdetail/1285825-5625999,1285825-5625999,,Angleur,4031.0,,,,,,,,,0,,0,305 000 € - 496 000 €
https://immovlan.be/en/projectdetail/1285825-7214307,1285825-7214307,,Donceel,4357.0,,,,,,,,,0,,0,195 000 € - 430 000 €
https://immovlan.be/en/projectdetail/1285825-7222710,1285825-7222710,,Angleur,4031.0,,,,,,,,,0,,0,253 000 € - 510 000 €
https://immovlan.be/en/projectdetail/1287076-3614242,1287076-3614242,,Oostende,8400.0,,,,,,,,,0,,0,357 500 € - 2 373 750 €
https://immovlan.be/en/projectdetail/1290232-1473942,1290232-1473942,,Hasselt,3500.0,,,,,,,,,0,,0,324 000 € - 717 000 €
https://immovlan.be/en/projectdetail/1290232-3701078,1290232-3701078,,Genk,3600.0,,,,,,,,,0,,0,262 000 € - 772 000 €
https://immovlan.be/en/projectdetail/1300426-6272398,1300426-6272398,,Laakdal,2430.0,,,,,,,,,0,,0,374 000 € - 419 000 €
https://immovlan.be/en/projectdetail/1304239-vi0001930,1304239-vi0001930,,Flémalle,4400.0,,,,,,,,,0,,0,332 824 € - 357 784 €
https://immovlan.be/en/projectdetail/1304239-vi0002009,1304239-vi0002009,,Dison,4820.0,,,,,,,,,0,,0,171 378 € - 302 420 €
https://immovlan.be/en/projectdetail/1305341-7207589,1305341-7207589,,Liege,4020.0,,,,,,,,,0,,0,315 000 € - 395 000 €
https://immovlan.be/en/projectdetail/1305341-7207590,1305341-7207590,,Liege,4020.0,,,,,,,,,0,,0,249 000 € - 364 000 €
https://immovlan.be/en/projectdetail/1305341-7207712,1305341-7207712,,Seraing,4100.0,,,,,,,,,0,,0,161 000 € - 337 000 €
https://immovlan.be/en/projectdetail/1305341-7207731,1305341-7207731,,Hannut,4280.0,,,,,,,,,0,,0,188 628 € - 578 884 €
https://immovlan.be/en/projectdetail/1305341-7207820,1305341-7207820,,Seraing,4100.0,,,,,,,,,0,,0,135 000 € - 327 000 €
https://immovlan.be/en/projectdetail/1305341-7207887,1305341-7207887,,Eupen,4700.0,,,,,,,,,0,,0,267 471 € - 370 207 €
https://immovlan.be/en/projectdetail/1305341-7207901,1305341-7207901,,Eupen,4700.0,,,,,,,,,0,,0,334 207 € - 366 942 €
https://immovlan.be/en/projectdetail/1305341-7208213,1305341-7208213,,Ciney,5590.0,,,,,,,,,0,,0,173 628 € - 315 000 €
https://immovlan.be/en/projectdetail/1305341-7208217,1305341-7208217,,Ciney,5590.0,,,,,,,,,0,,0,189 000 € - 445 000 €
https://immovlan.be/en/projectdetail/1305341-7208508,1305341-7208508,,Namur,5000.0,,,,,,,,,0,,0,236 172 € - 568 336 €
https://immovlan.be/en/projectdetail/1305341-7208925,1305341-7208925,,Jambes,5100.0,,,,,,,,,0,,0,189 000 € - 549 000 €
https://immovlan.be/en/projectdetail/1305341-7208950,1305341-7208950,,Namur,5000.0,,,,,,,,,0,,0,216 000 € - 675 000 €
https://immovlan.be/en/projectdetail/1305341-7209043,1305341-7209043,,Gembloux,5030.0,,,,,,,,,0,,0,308 471 € - 394 207 €
https://immovlan.be/en/projectdetail/1305341-7209052,1305341-7209052,,Gembloux,5030.0,,,,,,,,,0,,0,194 000 € - 515 000 €
https://immovlan.be/en/projectdetail/1305341-7209582,1305341-7209582,,Sambreville,5060.0,,,,,,,,,0,,0,189 628 € - 458 884 €
https://immovlan.be/en/projectdetail/1305341-7212698,1305341-7212698,,Namur,5000.0,,,,,,,,,0,,0,189 000 € - 549 000 €
https://immovlan.be/en/projectdetail/1305341-7212823,1305341-7212823,,Namur,5000.0,,,,,,,,,0,,0,216 000 € - 675 000 €
https://immovlan.be/en/projectdetail/1305341-7217590,1305341-7217590,,Saint-Servais,5002.0,,,,,,,,,0,,0,240 471 € - 270 471 €
https://immovlan.be/en/projectdetail/1305341-7219259,1305341-7219259,,Namur,5000.0,,,,,,,,,0,,0,240 471 € - 270 471 €
https://immovlan.be/en/projectdetail/1328889-01232899_om_3901,1328889-01232899_om_3901,,Rijkel,3840.0,,,,,,,,,0,,0,234 600 € - 339 700 €
https://immovlan.be/en/projectdetail/1328889-01232899_om_4118,1328889-01232899_om_4118,,Kwaadmechelen,3945.0,,,,,,,,,0,,0,319 950 € - 399 950 €
https://immovlan.be/en/projectdetail/1328889-01232899_om_4231,1328889-01232899_om_4231,,Paal,3583.0,,,,,,,,,0,,0,259 975 € - 444 975 €
https://immovlan.be/en/projectdetail/1329242-3136445,1329242-3136445,,Liege,4000.0,,,,,,,,,0,,0,275 000 € - 360 000 €
https://immovlan.be/en/projectdetail/1329242-3366424,1329242-3366424,,Liege,4000.0,,,,,,,,,0,,0,355 000 € - 399 000 €
https://immovlan.be/en/projectdetail/1337813-8510994,1337813-8510994,,Avelgem,8580.0,,,,,,,,,0,,0,215 000 € - 505 000 €
https://immovlan.be/en/projectdetail/1337813-8531903,1337813-8531903,,Avelgem,8580.0,,,,,,,,,0,,0,258 500 € - 319 000 €
https://immovlan.be/en/projectdetail/1360045-in00563705_om_3592,1360045-in00563705_om_3592,,Franière,5150.0,,,,,,,,,0,,0,225 000 € - 307 500 €
https://immovlan.be/en/projectdetail/1716482-4085561,1716482-4085561,,Ieper,8900.0,,,,,,,,,0,,0,212 750 € - 511 750 €
https://immovlan.be/en/projectdetail/1716482-4190495,1716482-4190495,,Kortemark,8610.0,,,,,,,,,0,,0,285 845 € - 345 975 €
https://immovlan.be/en/projectdetail/1725837-5297745,1725837-5297745,,Heist-op-den-Berg,2220.0,,,,,,,,,0,,0,465 000 € - 490 000 €
https://immovlan.be/en/projectdetail/1737550-01335585_om_217369,1737550-01335585_om_217369,,Berlaar,2590.0,,,,,,,,,0,,0,99 000 € - 425 000 €
https://immovlan.be/en/projectdetail/1737550-01335585_om_222973,1737550-01335585_om_222973,,Nijlen,2560.0,,,,,,,,,0,,0,313 000 € - 365 000 €
https://immovlan.be/en/projectdetail/1737550-01335585_om_237840,1737550-01335585_om_237840,,Wilrijk,2610.0,,,,,,,,,0,,0,499 900 € - 534 900 €
https://immovlan.be/en/projectdetail/1737550-01335585_om_243594,1737550-01335585_om_243594,,Westmeerbeek,2235.0,,,,,,,,,0,,0,407 450 € - 479 800 €
https://immovlan.be/en/projectdetail/1737550-01335585_om_261193,1737550-01335585_om_261193,,Houtvenne,2235.0,,,,,,,,,0,,0,241 392 € - 434 566 €
https://immovlan.be/en/projectdetail/1737550-01335585_om_261496,1737550-01335585_om_261496,,Houtvenne,2235.0,,,,,,,,,0,,0,312 000 € - 434 566 €
https://immovlan.be/en/projectdetail/1737550-01335585_om_261972,1737550-01335585_om_261972,,Heist-op-den-Berg,2220.0,,,,,,,,,0,,0,449 000 € - 495 000 €
https://immovlan.be/en/projectdetail/1737550-01335585_om_262407,1737550-01335585_om_262407,,Houtvenne,2235.0,,,,,,,,,0,,0,241 392 € - 366 667 €
https://immovlan.be/en/projectdetail/1737550-01335585_om_264205,1737550-01335585_om_264205,,Heist-op-den-Berg,2220.0,,,,,,,,,0,,0,300 000 € - 594 900 €
https://immovlan.be/en/projectdetail/1737550-01335585_om_265211,1737550-01335585_om_265211,,Wilrijk,2610.0,,,,,,,,,0,,0,284 900 € - 374 900 €
https://immovlan.be/en/projectdetail/1737550-01335585_om_270516,1737550-01335585_om_270516,,Heist-op-den-Berg,2220.0,,,,,,,,,0,,0,417 000 € - 500 510 €
https://immovlan.be/en/projectdetail/1819244-01353908_om_193212,1819244-01353908_om_193212,,Kapellen,2950.0,,,,,,,,,0,,0,450 072 € - 501 189 €
https://immovlan.be/en/projectdetail/1819244-01353908_om_243073,1819244-01353908_om_243073,,Kapellen,2950.0,,,,,,,,,0,,0,99 999 € - 550 000 €
https://immovlan.be/en/projectdetail/1819244-01353908_om_265625,1819244-01353908_om_265625,,Stabroek,2940.0,,,,,,,,,0,,0,275 000 € - 490 000 €
https://immovlan.be/en/projectdetail/1819244-01353908_om_269550,1819244-01353908_om_269550,,Kapellen,2950.0,,,,,,,,,0,,0,354 000 € - 760 000 €
https://immovlan.be/en/projectdetail/1819244-01353908_om_272379,1819244-01353908_om_272379,,Schoten,2900.0,,,,,,,,,0,,0,475 000 € - 550 000 €
https://immovlan.be/en/projectdetail/1822661-6616258,1822661-6616258,,Seraing,4100.0,,,,,,,,,0,,0,214 000 € - 274 000 €
https://immovlan.be/en/projectdetail/1839307-60942ea0-4380-4ba4-8eff-f98f148043de,1839307-60942ea0-4380-4ba4-8eff-f98f148043de,,Dinant,5500.0,,,,,,,,,0,,0,359 000 € - 369 000 €
https://immovlan.be/en/projectdetail/1864580-7212709,1864580-7212709,,Evere,1140.0,,,,,,,,,0,,0,199 000 € - 449 000 €
https://immovlan.be/en/projectdetail/1864580-7222129,1864580-7222129,,Vorst,1190.0,,,,,,,,,0,,0,225 000 € - 455 000 €
https://immovlan.be/en/projectdetail/1864580-7223191,1864580-7223191,,Sint-Jans-Molenbeek,1080.0,,,,,,,,,0,,0,210 000 € - 229 000 €
https://immovlan.be/en/projectdetail/1864580-7228917,1864580-7228917,,Neder-Over-Heembeek,1120.0,,,,,,,,,0,,0,770 000 € - 785 000 €
https://immovlan.be/en/projectdetail/1864580-7229512,1864580-7229512,,Sint-Jans-Molenbeek,1080.0,,,,,,,,,0,,0,265 000 € - 505 000 €
https://immovlan.be/en/projectdetail/1864580-7229827,1864580-7229827,,Brussels,1000.0,,,,,,,,,0,,0,174 500 € - 301 000 €
https://immovlan.be/en/projectdetail/1864580-7230263,1864580-7230263,,Anderlecht,1070.0,,,,,,,,,0,,0,189 000 € - 625 000 €
https://immovlan.be/en/projectdetail/1864580-7230319,1864580-7230319,,Berchem-Sainte-Agathe,1082.0,,,,,,,,,0,,0,245 000 € - 432 500 €
https://immovlan.be/en/projectdetail/1864580-7231039,1864580-7231039,,Vorst,1190.0,,,,,,,,,0,,0,225 000 € - 455 000 €
https://immovlan.be/en/projectdetail/1864945-7143271,1864945-7143271,,Oudergem,1160.0,,,,,,,,,0,,0,440 000 € - 1 695 000 €
https://immovlan.be/en/projectdetail/1864945-7200636,1864945-7200636,,Sint-Lambrechts-Woluwe,1200.0,,,,,,,,,0,,0,485 000 € - 1 895 000 €
https://immovlan.be/en/projectdetail/1864945-7237916,1864945-7237916,,Oudergem,1160.0,,,,,,,,,0,,0,645 000 € - 655 000 €
https://immovlan.be/en/projectdetail/1864945-7241254,1864945-7241254,,Ukkel,1180.0,,,,,,,,,0,,0,599 000 € - 899 000 €
https://immovlan.be/en/projectdetail/1865181-3886793,1865181-3886793,,Spa,4900.0,,,,,,,,,0,,0,273 500 € - 620 000 €
https://immovlan.be/en/projectdetail/1868219-6788792,1868219-6788792,,Mortsel,2640.0,,,,,,,,,0,,0,499 500 € - 510 000 €
https://immovlan.be/en/projectdetail/1868427-7202522,1868427-7202522,,Diepenbeek,3590.0,,,,,,,,,0,,0,335 000 € - 440 000 €
https://immovlan.be/en/projectdetail/1876557-8711248,1876557-8711248,,Oosterzele,9860.0,,,,,,,,,0,,0,670 000 € - 680 000 €
https://immovlan.be/en/projectdetail/1876557-8721613,1876557-8721613,,Wortegem-Petegem,9790.0,,,,,,,,,0,,0,278 709 € - 340 000 €
https://immovlan.be/en/projectdetail/1876557-8768778,1876557-8768778,,Eine,9700.0,,,,,,,,,0,,0,335 000 € - 387 000 €
https://immovlan.be/en/projectdetail/1884490-7117442,1884490-7117442,,Antwerp,2018.0,,,,,,,,,0,,0,489 000 € - 1 020 000 €
https://immovlan.be/en/projectdetail/1901438-5875631,1901438-5875631,,Denderleeuw,9470.0,,,,,,,,,0,,0,460 000 € - 475 000 €
https://immovlan.be/en/projectdetail/1901438-6821258,1901438-6821258,,Aalst,9300.0,,,,,,,,,0,,0,295 000 € - 1 300 000 €
https://immovlan.be/en/projectdetail/1901438-7049195,1901438-7049195,,Lierde,9570.0,,,,,,,,,0,,0,375 000 € - 445 000 €
https://immovlan.be/en/projectdetail/1901438-7049327,1901438-7049327,,Geraardsbergen,9500.0,,,,,,,,,0,,0,375 000 € - 445 000 €
https://immovlan.be/en/projectdetail/1901438-7057809,1901438-7057809,,Lierde,9570.0,,,,,,,,,0,,0,299 000 € - 440 000 €
https://immovlan.be/en/projectdetail/1901438-7179015,1901438-7179015,,Denderleeuw,9470.0,,,,,,,,,0,,0,277 450 € - 294 415 €
https://immovlan.be/en/projectdetail/1901438-7243830,1901438-7243830,,Aalst,9300.0,,,,,,,,,0,,0,353 000 € - 409 500 €
https://immovlan.be/en/projectdetail/1901438-7243848,1901438-7243848,,Aalst,9300.0,,,,,,,,,0,,0,212 000 € - 423 500 €
https://immovlan.be/en/projectdetail/1931838-6733658,1931838-6733658,,Jambes,5100.0,,,,,,,,,0,,0,185 000 € - 395 000 €
https://immovlan.be/en/projectdetail/1938176-rmg01376437_om_4339,1938176-rmg01376437_om_4339,,Zedelgem,8210.0,,,,,,,,,0,,0,235 000 € - 379 000 €
https://immovlan.be/en/projectdetail/1938383-6814448,1938383-6814448,,Braives,4260.0,,,,,,,,,0,,0,332 500 € - 439 000 €
https://immovlan.be/en/projectdetail/1951882-5415020,1951882-5415020,,Profondeville,5170.0,,,,,,,,,0,,0,319 000 € - 420 000 €
https://immovlan.be/en/projectdetail/1951882-5834729,1951882-5834729,,Namur,5000.0,,,,,,,,,0,,0,220 000 € - 340 000 €
https://immovlan.be/en/projectdetail/1951882-5910436,1951882-5910436,,Vedrin,5020.0,,,,,,,,,0,,0,399 000 € - 415 000 €
https://immovlan.be/en/projectdetail/1951882-6033665,1951882-6033665,,Namur,5000.0,,,,,,,,,0,,0,270 000 € - 322 000 €
https://immovlan.be/en/projectdetail/1951882-6073613,1951882-6073613,,Namur,5000.0,,,,,,,,,0,,0,260 000 € - 315 000 €
https://immovlan.be/en/projectdetail/1951882-6121700,1951882-6121700,,Namur,5000.0,,,,,,,,,0,,0,237 000 € - 895 000 €
https://immovlan.be/en/projectdetail/1951882-6508600,1951882-6508600,,Namur,5000.0,,,,,,,,,0,,0,399 000 € - 415 000 €
https://immovlan.be/en/projectdetail/1951882-6521410,1951882-6521410,,Namur,5000.0,,,,,,,,,0,,0,207 000 € - 330 000 €
https://immovlan.be/en/projectdetail/1951882-6536879,1951882-6536879,,Jambes,5100.0,,,,,,,,,0,,0,189 000 € - 549 000 €
https://immovlan.be/en/projectdetail/1951882-6695497,1951882-6695497,,Jambes,5100.0,,,,,,,,,0,,0,310 000 € - 338 500 €
https://immovlan.be/en/projectdetail/1951882-6787012,1951882-6787012,,Namur,5000.0,,,,,,,,,0,,0,205 636 € - 380 000 €
https://immovlan.be/en/projectdetail/1951882-6881232,1951882-6881232,,Namur,5000.0,,,,,,,,,0,,0,216 000 € - 675 000 €
https://immovlan.be/en/projectdetail/1951882-7051748,1951882-7051748,,Namur,5000.0,,,,,,,,,0,,0,260 000 € - 315 000 €
https://immovlan.be/en/projectdetail/1951882-7110081,1951882-7110081,,Namur,5000.0,,,,,,,,,0,,0,225 000 € - 376 000 €
https://immovlan.be/en/projectdetail/1951882-7116504,1951882-7116504,,Namur,5000.0,,,,,,,,,0,,0,386 000 € - 435 000 €
https://immovlan.be/en/projectdetail/1951882-7227267,1951882-7227267,,Profondeville,5170.0,,,,,,,,,0,,0,375 000 € - 450 000 €
https://immovlan.be/en/projectdetail/1951886-7145682,1951886-7145682,,Oudergem,1160.0,,,,,,,,,0,,0,440 000 € - 1 695 000 €
https://immovlan.be/en/projectdetail/1951886-7199811,1951886-7199811,,Sint-Lambrechts-Woluwe,1200.0,,,,,,,,,0,,0,485 000 € - 1 895 000 €
https://immovlan.be/en/projectdetail/1951886-7218349,1951886-7218349,,Ukkel,1180.0,,,,,,,,,0,,0,515 000 € - 590 000 €
https://immovlan.be/en/projectdetail/1951886-7226400,1951886-7226400,,Evere,1140.0,,,,,,,,,0,,0,199 000 € - 430 000 €
https://immovlan.be/en/projectdetail/1951886-7232306,1951886-7232306,,Evere,1140.0,,,,,,,,,0,,0,249 000 € - 630 000 €
https://immovlan.be/en/projectdetail/1951886-7232308,1951886-7232308,,Sint-Lambrechts-Woluwe,1200.0,,,,,,,,,0,,0,595 000 € - 1 500 000 €
https://immovlan.be/en/projectdetail/1951886-7234626,1951886-7234626,,Sint-Lambrechts-Woluwe,1200.0,,,,,,,,,0,,0,225 000 € - 625 000 €
https://immovlan.be/en/projectdetail/1951886-7236720,1951886-7236720,,Schaarbeek,1030.0,,,,,,,,,0,,0,360 000 € - 365 000 €
https://immovlan.be/en/projectdetail/1954619-in00564579_om_1472,1954619-in00564579_om_1472,,Evere,1140.0,,,,,,,,,0,,0,299 000 € - 545 000 €
https://immovlan.be/en/projectdetail/1955802-8192658,1955802-8192658,,Balen,2490.0,,,,,,,,,0,,0,369 439 € - 441 085 €
https://immovlan.be/en/projectdetail/1955802-8398445,1955802-8398445,,Meerhout,2450.0,,,,,,,,,0,,0,277 000 € - 430 025 €
https://immovlan.be/en/projectdetail/1963455-6210980,1963455-6210980,,Boncelles,4100.0,,,,,,,,,0,,0,234 000 € - 437 000 €
https://immovlan.be/en/projectdetail/1963455-6211017,1963455-6211017,,Awans,4340.0,,,,,,,,,0,,0,209 000 € - 657 000 €
https://immovlan.be/en/projectdetail/1963455-6211018,1963455-6211018,,Liege,4000.0,,,,,,,,,0,,0,165 000 € - 399 000 €
https://immovlan.be/en/projectdetail/1963455-6211019,1963455-6211019,,Fléron,4620.0,,,,,,,,,0,,0,186 000 € - 298 000 €
https://immovlan.be/en/projectdetail/1963455-6231113,1963455-6231113,,Liege,4000.0,,,,,,,,,0,,0,158 000 € - 421 300 €
https://immovlan.be/en/projectdetail/1963455-6235793,1963455-6235793,,Angleur,4031.0,,,,,,,,,0,,0,245 000 € - 425 000 €
https://immovlan.be/en/projectdetail/1963455-6504751,1963455-6504751,,Juprelle,4450.0,,,,,,,,,0,,0,266 162 € - 399 213 €
https://immovlan.be/en/projectdetail/1963455-6880412,1963455-6880412,,Liege,4020.0,,,,,,,,,0,,0,143 000 € - 546 400 €
https://immovlan.be/en/projectdetail/1963455-7126554,1963455-7126554,,Angleur,4031.0,,,,,,,,,0,,0,205 000 € - 238 000 €
https://immovlan.be/en/projectdetail/1971701-7113224,1971701-7113224,,Willebroek,2830.0,,,,,,,,,0,,0,473 000 € - 534 500 €
https://immovlan.be/en/projectdetail/1981608-8046341,1981608-8046341,,Koersel,3582.0,,,,,,,,,0,,0,252 500 € - 398 000 €
https://immovlan.be/en/projectdetail/1981608-8320836,1981608-8320836,,Leopoldsburg,3970.0,,,,,,,,,0,,0,215 000 € - 440 000 €
https://immovlan.be/en/projectdetail/1981608-8454914,1981608-8454914,,Lummen,3560.0,,,,,,,,,0,,0,367 500 € - 372 500 €
https://immovlan.be/en/projectdetail/1981608-8513690,1981608-8513690,,Heusden-Zolder,3550.0,,,,,,,,,0,,0,258 500 € - 349 842 €
https://immovlan.be/en/projectdetail/1981608-8520433,1981608-8520433,,Hasselt,3500.0,,,,,,,,,0,,0,390 703 € - 399 550 €
https://immovlan.be/en/projectdetail/1981608-8553121,1981608-8553121,,Koersel,3582.0,,,,,,,,,0,,0,142 500 € - 445 550 €
https://immovlan.be/en/projectdetail/1997956-rmg01386871_om_264792,1997956-rmg01386871_om_264792,,Wommelgem,2160.0,,,,,,,,,0,,0,219 000 € - 329 000 €
https://immovlan.be/en/projectdetail/1997956-rmg01386871_om_268586,1997956-rmg01386871_om_268586,,Deurne,2100.0,,,,,,,,,0,,0,224 000 € - 399 000 €
https://immovlan.be/en/projectdetail/2002345-vlan93007847_om_21801,2002345-vlan93007847_om_21801,,Namur,5000.0,,,,,,,,,0,,0,360 709 € - 436 209 €
https://immovlan.be/en/projectdetail/2002345-vlan93007847_om_21810,2002345-vlan93007847_om_21810,,Saint-Marc,5003.0,,,,,,,,,0,,0,455 950 € - 488 135 €
https://immovlan.be/en/projectdetail/2015299-3444760,2015299-3444760,,Koninksem,3700.0,,,,,,,,,0,,0,395 000 € - 409 000 €
https://immovlan.be/en/projectdetail/2020744-7223311,2020744-7223311,,La Louvière,7100.0,,,,,,,,,0,,0,175 000 € - 419 000 €
https://immovlan.be/en/projectdetail/2023606-6079453,2023606-6079453,,Mons,7000.0,,,,,,,,,0,,0,175 000 € - 785 000 €
https://immovlan.be/en/projectdetail/2023629-4628744,2023629-4628744,,Brussels,1000.0,,,,,,,,,0,,0,347 000 € - 382 000 €
https://immovlan.be/en/projectdetail/2023629-7200342,2023629-7200342,,Evere,1140.0,,,,,,,,,0,,0,250 000 € - 439 000 €
https://immovlan.be/en/projectdetail/2023629-7202404,2023629-7202404,,Evere,1140.0,,,,,,,,,0,,0,199 000 € - 449 000 €
https://immovlan.be/en/projectdetail/2023629-7219767,2023629-7219767,,Ukkel,1180.0,,,,,,,,,0,,0,795 000 € - 860 000 €
https://immovlan.be/en/projectdetail/2023629-7219770,2023629-7219770,,Ukkel,1180.0,,,,,,,,,0,,0,270 000 € - 995 000 €
https://immovlan.be/en/projectdetail/2023629-7220378,2023629-7220378,,Evere,1140.0,,,,,,,,,0,,0,231 000 € - 593 000 €
https://immovlan.be/en/projectdetail/2023629-7220659,2023629-7220659,,Brussels,1000.0,,,,,,,,,0,,0,407 000 € - 431 000 €
https://immovlan.be/en/projectdetail/2023629-7220686,2023629-7220686,,Laken,1020.0,,,,,,,,,0,,0,252 500 € - 352 000 €
https://immovlan.be/en/projectdetail/2023629-7221103,2023629-7221103,,Anderlecht,1070.0,,,,,,,,,0,,0,132 350 € - 385 000 €
https://immovlan.be/en/projectdetail/2023630-6941745,2023630-6941745,,Fernelmont,5380.0,,,,,,,,,0,,0,249 000 € - 475 000 €
https://immovlan.be/en/projectdetail/2023631-5219642,2023631-5219642,,Liege,4020.0,,,,,,,,,0,,0,199 000 € - 490 000 €
https://immovlan.be/en/projectdetail/2023631-5890860,2023631-5890860,,Liege,4000.0,,,,,,,,,0,,0,284 000 € - 344 000 €
https://immovlan.be/en/projectdetail/2023631-5942915,2023631-5942915,,Liege,4000.0,,,,,,,,,0,,0,309 000 € - 545 000 €
https://immovlan.be/en/projectdetail/2023631-6112220,2023631-6112220,,Chênée,4032.0,,,,,,,,,0,,0,254 000 € - 495 500 €
https://immovlan.be/en/projectdetail/2023631-6599198,2023631-6599198,,Liege,4020.0,,,,,,,,,0,,0,249 000 € - 364 000 €
https://immovlan.be/en/projectdetail/2023631-6808011,2023631-6808011,,Liege,4000.0,,,,,,,,,0,,0,179 730 € - 429 013 €
https://immovlan.be/en/projectdetail/2023631-7064270,2023631-7064270,,Liege,4000.0,,,,,,,,,0,,0,165 000 € - 399 000 €
https://immovlan.be/en/projectdetail/2023631-7079041,2023631-7079041,,Liege,4000.0,,,,,,,,,0,,0,288 150 € - 463 250 €
https://immovlan.be/en/projectdetail/2023631-7203817,2023631-7203817,,Fléron,4620.0,,,,,,,,,0,,0,188 000 € - 295 000 €
https://immovlan.be/en/projectdetail/2023654-7228136,2023654-7228136,,Crombach,4784.0,,,,,,,,,0,,0,322 000 € - 342 000 €
https://immovlan.be/en/projectdetail/2029145-8715514,2029145-8715514,,Ronse,9600.0,,,,,,,,,0,,0,225 000 € - 262 123 €
https://immovlan.be/en/projectdetail/2029145-8717095,2029145-8717095,,Ronse,9600.0,,,,,,,,,0,,0,198 000 € - 236 908 €
https://immovlan.be/en/projectdetail/2029639-7241764,2029639-7241764,,Pont-à-Celles,6230.0,,,,,,,,,0,,0,181 000 € - 336 000 €
https://immovlan.be/en/projectdetail/2032659-7121155,2032659-7121155,,Namur,5000.0,,,,,,,,,0,,0,214 800 € - 474 800 €
https://immovlan.be/en/projectdetail/2034135-6638533,2034135-6638533,,Weelde,2381.0,,,,,,,,,0,,0,301 194 € - 440 044 €
https://immovlan.be/en/projectdetail/2034135-6638706,2034135-6638706,,Weelde,2381.0,,,,,,,,,0,,0,269 920 € - 455 429 €
https://immovlan.be/en/projectdetail/2034135-6772211,2034135-6772211,,Weelde,2381.0,,,,,,,,,0,,0,449 000 € - 469 000 €
https://immovlan.be/en/projectdetail/20395-4642182,20395-4642182,,Dave,5100.0,,,,,,,,,0,,0,203 000 € - 385 000 €
https://immovlan.be/en/projectdetail/20551-ddee6331-12ed-4feb-be49-30089704b9f6,20551-ddee6331-12ed-4feb-be49-30089704b9f6,,Verlée,5370.0,,,,,,,,,0,,0,275 000 € - 340 000 €
https://immovlan.be/en/projectdetail/20686-in00001903_om_28451,20686-in00001903_om_28451,,Liege,4000.0,,,,,,,,,0,,0,209 000 € - 419 000 €
https://immovlan.be/en/projectdetail/2071139-rmg01391814_om_259993,2071139-rmg01391814_om_259993,,Edegem,2650.0,,,,,,,,,0,,0,429 000 € - 449 000 €
https://immovlan.be/en/projectdetail/2071139-rmg01391814_om_266594,2071139-rmg01391814_om_266594,,Kontich,2550.0,,,,,,,,,0,,0,250 000 € - 372 874 €
https://immovlan.be/en/projectdetail/2071139-rmg01391814_om_268905,2071139-rmg01391814_om_268905,,Edegem,2650.0,,,,,,,,,0,,0,459 000 € - 529 000 €
https://immovlan.be/en/projectdetail/2073914-4140726,2073914-4140726,,Kortessem,3720.0,,,,,,,,,0,,0,229 795 € - 363 000 €
https://immovlan.be/en/projectdetail/2073914-4140745,2073914-4140745,,Sint-Truiden,3800.0,,,,,,,,,0,,0,250 000 € - 595 000 €
https://immovlan.be/en/projectdetail/2073914-4140796,2073914-4140796,,Borgloon,3840.0,,,,,,,,,0,,0,279 500 € - 362 500 €
https://immovlan.be/en/projectdetail/2073914-4140948,2073914-4140948,,Sint-Truiden,3800.0,,,,,,,,,0,,0,412 336 € - 412 826 €
https://immovlan.be/en/projectdetail/2073914-4146717,2073914-4146717,,Berg,3700.0,,,,,,,,,0,,0,257 120 € - 369 210 €
https://immovlan.be/en/projectdetail/2073914-4179591,2073914-4179591,,Sint-Truiden,3800.0,,,,,,,,,0,,0,245 910 € - 501 987 €
https://immovlan.be/en/projectdetail/20763-in00560019_om_4176,20763-in00560019_om_4176,,Verviers,4800.0,,,,,,,,,0,,0,189 000 € - 347 000 €
https://immovlan.be/en/projectdetail/20783-6211023,20783-6211023,,Flémalle-Haute,4400.0,,,,,,,,,0,,0,170 000 € - 230 000 €
https://immovlan.be/en/projectdetail/20783-6611816,20783-6611816,,Nandrin,4550.0,,,,,,,,,0,,0,340 000 € - 385 000 €
https://immovlan.be/en/projectdetail/20783-6698263,20783-6698263,,Verlaine,4537.0,,,,,,,,,0,,0,470 000 € - 530 000 €
https://immovlan.be/en/projectdetail/20783-6781327,20783-6781327,,Modave,4577.0,,,,,,,,,0,,0,244 500 € - 279 500 €
https://immovlan.be/en/projectdetail/20783-7111339,20783-7111339,,Flémalle,4400.0,,,,,,,,,0,,0,235 000 € - 280 000 €
https://immovlan.be/en/projectdetail/2082936-7193552,2082936-7193552,,Jemeppe,4101.0,,,,,,,,,0,,0,171 000 € - 319 000 €
https://immovlan.be/en/projectdetail/21063-in00001893_om_5506,21063-in00001893_om_5506,,Ciney,5590.0,,,,,,,,,0,,0,180 530 € - 521 730 €
https://immovlan.be/en/projectdetail/2108834-7229117,2108834-7229117,,Beernem,8730.0,,,,,,,,,0,,0,260 500 € - 330 500 €
https://immovlan.be/en/projectdetail/2108834-7229180,2108834-7229180,,Beernem,8730.0,,,,,,,,,0,,0,392 000 € - 432 000 €
https://immovlan.be/en/projectdetail/2108834-7243382,2108834-7243382,,Oostkamp,8020.0,,,,,,,,,0,,0,285 000 € - 525 000 €
https://immovlan.be/en/projectdetail/21252-4730864,21252-4730864,,Romsée,4624.0,,,,,,,,,0,,0,254 500 € - 313 500 €
https://immovlan.be/en/projectdetail/25923-7237120,25923-7237120,,Wondelgem,9032.0,,,,,,,,,0,,0,289 000 € - 465 000 €
https://immovlan.be/en/projectdetail/2480528-rmg01404929_om_264566,2480528-rmg01404929_om_264566,,Antwerp,2050.0,,,,,,,,,0,,0,417 500 € - 439 500 €
https://immovlan.be/en/projectdetail/21252-5331045,21252-5331045,,Aywaille,4920.0,,,,,,,,,0,,0,265 000 € - 375 000 €
https://immovlan.be/en/projectdetail/25923-7237131,25923-7237131,,Sleidinge,9940.0,,,,,,,,,0,,0,300 000 € - 435 000 €
https://immovlan.be/en/projectdetail/21252-5841570,21252-5841570,,Liege,4000.0,,,,,,,,,0,,0,288 150 € - 463 250 €
https://immovlan.be/en/projectdetail/2480528-rmg01404929_om_264611,2480528-rmg01404929_om_264611,,Antwerp,2050.0,,,,,,,,,0,,0,192 500 € - 355 500 €
https://immovlan.be/en/projectdetail/25923-7237405,25923-7237405,,Evergem,9940.0,,,,,,,,,0,,0,300 000 € - 435 000 €
https://immovlan.be/en/projectdetail/2126901-7138085,2126901-7138085,,Brussels,1000.0,,,,,,,,,0,,0,215 000 € - 325 000 €
https://immovlan.be/en/projectdetail/2480528-rmg01404929_om_264994,2480528-rmg01404929_om_264994,,Antwerp,2050.0,,,,,,,,,0,,0,320 000 € - 477 500 €
https://immovlan.be/en/projectdetail/2163327-rmg01395590_om_266529,2163327-rmg01395590_om_266529,,Brasschaat,2930.0,,,,,,,,,0,,0,275 000 € - 546 500 €
https://immovlan.be/en/projectdetail/2480528-rmg01404929_om_267434,2480528-rmg01404929_om_267434,,Berchem,2600.0,,,,,,,,,0,,0,350 000 € - 577 000 €
https://immovlan.be/en/projectdetail/2480528-rmg01404929_om_267605,2480528-rmg01404929_om_267605,,Antwerp,2018.0,,,,,,,,,0,,0,470 000 € - 495 000 €
https://immovlan.be/en/projectdetail/25923-7242301,25923-7242301,,Oudenaarde,9700.0,,,,,,,,,0,,0,315 000 € - 589 000 €
https://immovlan.be/en/projectdetail/21830-5304291,21830-5304291,,Dalhem,4607.0,,,,,,,,,0,,0,399 000 € - 499 000 €
https://immovlan.be/en/projectdetail/25923-7242321,25923-7242321,,Sint-Lievens-Houtem,9520.0,,,,,,,,,0,,0,414 500 € - 497 500 €
https://immovlan.be/en/projectdetail/2480528-rmg01404929_om_269600,2480528-rmg01404929_om_269600,,Antwerp,2018.0,,,,,,,,,0,,0,309 000 € - 564 000 €
https://immovlan.be/en/projectdetail/21830-6209563,21830-6209563,,Liege,4000.0,,,,,,,,,0,,0,311 660 € - 547 200 €
https://immovlan.be/en/projectdetail/2595382-7140891,2595382-7140891,,Tournai,7500.0,,,,,,,,,0,,0,160 500 € - 1 250 000 €
https://immovlan.be/en/projectdetail/2480528-rmg01404929_om_271725,2480528-rmg01404929_om_271725,,Antwerp,2018.0,,,,,,,,,0,,0,100 000 € - 1 099 000 €
https://immovlan.be/en/projectdetail/2480528-rmg01404929_om_272339,2480528-rmg01404929_om_272339,,Hoboken,2660.0,,,,,,,,,0,,0,198 000 € - 308 000 €
https://immovlan.be/en/projectdetail/21952-in00560155_om_8228,21952-in00560155_om_8228,,Comblain-au-Pont,4170.0,,,,,,,,,0,,0,254 000 € - 292 000 €
https://immovlan.be/en/projectdetail/22011-in00560221_om_3721,22011-in00560221_om_3721,,Jambes,5100.0,,,,,,,,,0,,0,160 000 € - 420 000 €
https://immovlan.be/en/projectdetail/24941-6691629,24941-6691629,,Waasmunster,9250.0,,,,,,,,,0,,0,560 000 € - 566 000 €
https://immovlan.be/en/projectdetail/22198-7180655,22198-7180655,,Brussels,1000.0,,,,,,,,,0,,0,225 000 € - 499 000 €
https://immovlan.be/en/projectdetail/22353-7373968,22353-7373968,,Aalter,9880.0,,,,,,,,,0,,0,261 500 € - 363 000 €
https://immovlan.be/en/projectdetail/24941-6700490,24941-6700490,,Deinze,9800.0,,,,,,,,,0,,0,386 066 € - 429 183 €
https://immovlan.be/en/projectdetail/2637457-rmg01411876_om_260362,2637457-rmg01411876_om_260362,,Kalmthout,2920.0,,,,,,,,,0,,0,448 439 € - 657 581 €
https://immovlan.be/en/projectdetail/24941-6700864,24941-6700864,,Baasrode,9200.0,,,,,,,,,0,,0,420 000 € - 463 000 €
https://immovlan.be/en/projectdetail/22353-8071115,22353-8071115,,Maldegem,9990.0,,,,,,,,,0,,0,253 000 € - 495 000 €
https://immovlan.be/en/projectdetail/2637457-rmg01411876_om_264842,2637457-rmg01411876_om_264842,,Stabroek,2940.0,,,,,,,,,0,,0,242 400 € - 999 999 €
https://immovlan.be/en/projectdetail/2278297-rmg01398585_om_5846,2278297-rmg01398585_om_5846,,Gavere,9890.0,,,,,,,,,0,,0,375 000 € - 420 000 €
https://immovlan.be/en/projectdetail/26528-in00560769_om_2872,26528-in00560769_om_2872,,Waremme,4300.0,,,,,,,,,0,,0,283 519 € - 353 567 €
https://immovlan.be/en/projectdetail/2292533-6642751,2292533-6642751,,Oostende,8400.0,,,,,,,,,0,,0,259 500 € - 379 500 €
https://immovlan.be/en/projectdetail/26691-3776970,26691-3776970,,Maaseik,3680.0,,,,,,,,,0,,0,945 520 € - 2 433 000 €
https://immovlan.be/en/projectdetail/23459-3496037,23459-3496037,,Heist-op-den-Berg,2220.0,,,,,,,,,0,,0,445 303 € - 495 857 €
https://immovlan.be/en/projectdetail/24941-6804581,24941-6804581,,Beveren,9120.0,,,,,,,,,0,,0,433 000 € - 470 000 €
https://immovlan.be/en/projectdetail/26691-6099976,26691-6099976,,Dilsen-Stokkem,3650.0,,,,,,,,,0,,0,267 642 € - 444 620 €
https://immovlan.be/en/projectdetail/23459-3602078,23459-3602078,,Haaltert,9450.0,,,,,,,,,0,,0,384 672 € - 433 842 €
https://immovlan.be/en/projectdetail/24966-2423471,24966-2423471,,Aalter,9880.0,,,,,,,,,0,,0,61 600 € - 440 303 €
https://immovlan.be/en/projectdetail/26691-6263405,26691-6263405,,Dilsen-Stokkem,3650.0,,,,,,,,,0,,0,240 910 € - 317 194 €
https://immovlan.be/en/projectdetail/2498072-rmg01405617_om_253729,2498072-rmg01405617_om_253729,,Leopoldsburg,3970.0,,,,,,,,,0,,0,325 000 € - 330 000 €
https://immovlan.be/en/projectdetail/26691-6313221,26691-6313221,,Dilsen-Stokkem,3650.0,,,,,,,,,0,,0,209 878 € - 1 005 000 €
https://immovlan.be/en/projectdetail/2498072-rmg01405617_om_263584,2498072-rmg01405617_om_263584,,Balen,2490.0,,,,,,,,,0,,0,272 000 € - 340 000 €
https://immovlan.be/en/projectdetail/23459-3956656,23459-3956656,,Zelzate,9060.0,,,,,,,,,0,,0,209 524 € - 418 148 €
https://immovlan.be/en/projectdetail/26691-6371101,26691-6371101,,Dilsen-Stokkem,3650.0,,,,,,,,,0,,0,347 567 € - 499 500 €
https://immovlan.be/en/projectdetail/2498072-rmg01405617_om_263766,2498072-rmg01405617_om_263766,,Tessenderlo,3980.0,,,,,,,,,0,,0,227 000 € - 369 500 €
https://immovlan.be/en/projectdetail/23459-3960122,23459-3960122,,Antwerp,2050.0,,,,,,,,,0,,0,301 500 € - 395 000 €
https://immovlan.be/en/projectdetail/26817-6396367,26817-6396367,,Ronse,9600.0,,,,,,,,,0,,0,348 465 € - 424 132 €
https://immovlan.be/en/projectdetail/23459-4054420,23459-4054420,,Roeselare,8800.0,,,,,,,,,0,,0,366 251 € - 371 035 €
https://immovlan.be/en/projectdetail/2498072-rmg01405617_om_263785,2498072-rmg01405617_om_263785,,Lommel,3920.0,,,,,,,,,0,,0,275 326 € - 335 733 €
https://immovlan.be/en/projectdetail/26817-6665913,26817-6665913,,Ronse,9600.0,,,,,,,,,0,,0,205 000 € - 265 000 €
https://immovlan.be/en/projectdetail/23459-4054421,23459-4054421,,Aalst,9300.0,,,,,,,,,0,,0,434 500 € - 436 400 €
https://immovlan.be/en/projectdetail/26817-6665922,26817-6665922,,Neufmaison,7332.0,,,,,,,,,0,,0,301 950 € - 314 900 €
https://immovlan.be/en/projectdetail/23459-4062471,23459-4062471,,Vinkt,9800.0,,,,,,,,,0,,0,340 000 € - 362 000 €
https://immovlan.be/en/projectdetail/26817-6684963,26817-6684963,,Ronse,9600.0,,,,,,,,,0,,0,199 000 € - 254 000 €
https://immovlan.be/en/projectdetail/2498072-rmg01405617_om_264925,2498072-rmg01405617_om_264925,,Balen,2490.0,,,,,,,,,0,,0,290 000 € - 499 000 €
https://immovlan.be/en/projectdetail/26850-in00560897_om_7773,26850-in00560897_om_7773,,Fleurus,6220.0,,,,,,,,,0,,0,189 000 € - 330 000 €
https://immovlan.be/en/projectdetail/2498072-rmg01405617_om_264936,2498072-rmg01405617_om_264936,,Balen,2490.0,,,,,,,,,0,,0,225 000 € - 295 000 €
https://immovlan.be/en/projectdetail/26850-in00560897_om_8760,26850-in00560897_om_8760,,Pont-à-Celles,6230.0,,,,,,,,,0,,0,181 000 € - 336 000 €
https://immovlan.be/en/projectdetail/23884-00002088_om_18214,23884-00002088_om_18214,,Boom,2850.0,,,,,,,,,0,,0,299 000 € - 349 000 €
https://immovlan.be/en/projectdetail/26855-5410200,26855-5410200,,Enghien,7850.0,,,,,,,,,0,,0,428 000 € - 445 000 €
https://immovlan.be/en/projectdetail/23884-00002088_om_18269,23884-00002088_om_18269,,Puurs,2870.0,,,,,,,,,0,,0,440 000 € - 560 000 €
https://immovlan.be/en/projectdetail/26855-5866445,26855-5866445,,Brugelette,7940.0,,,,,,,,,0,,0,201 000 € - 261 000 €
https://immovlan.be/en/projectdetail/2498072-rmg01405617_om_265243,2498072-rmg01405617_om_265243,,Mol,2400.0,,,,,,,,,0,,0,258 187 € - 347 000 €
https://immovlan.be/en/projectdetail/23884-00002088_om_18278,23884-00002088_om_18278,,Puurs,2870.0,,,,,,,,,0,,0,320 000 € - 335 000 €
https://immovlan.be/en/projectdetail/2498072-rmg01405617_om_267225,2498072-rmg01405617_om_267225,,Leopoldsburg,3970.0,,,,,,,,,0,,0,215 000 € - 440 000 €
https://immovlan.be/en/projectdetail/23984-3706615,23984-3706615,,Hechtel,3940.0,,,,,,,,,0,,0,377 307 € - 380 193 €
https://immovlan.be/en/projectdetail/26855-6340131,26855-6340131,,Chimay,6460.0,,,,,,,,,0,,0,233 300 € - 399 900 €
https://immovlan.be/en/projectdetail/2498072-rmg01405617_om_271053,2498072-rmg01405617_om_271053,,Koersel,3582.0,,,,,,,,,0,,0,236 000 € - 439 000 €
https://immovlan.be/en/projectdetail/23984-3708797,23984-3708797,,Hechtel,3940.0,,,,,,,,,0,,0,281 343 € - 433 511 €
https://immovlan.be/en/projectdetail/26855-6346234,26855-6346234,,Jamioulx,6120.0,,,,,,,,,0,,0,442 500 € - 497 500 €
https://immovlan.be/en/projectdetail/2498072-rmg01405617_om_272851,2498072-rmg01405617_om_272851,,Lommel,3920.0,,,,,,,,,0,,0,244 500 € - 439 500 €
https://immovlan.be/en/projectdetail/24069-7180833,24069-7180833,,Oosterzele,9860.0,,,,,,,,,0,,0,484 191 € - 602 268 €
https://immovlan.be/en/projectdetail/26931-01061037_om_3928,26931-01061037_om_3928,,Vrasene,9120.0,,,,,,,,,0,,0,470 000 € - 570 000 €
https://immovlan.be/en/projectdetail/26931-01061037_om_3987,26931-01061037_om_3987,,Vrasene,9120.0,,,,,,,,,0,,0,455 000 € - 515 000 €
https://immovlan.be/en/projectdetail/24069-7238040,24069-7238040,,Aalst,9300.0,,,,,,,,,0,,0,237 938 € - 463 941 €
https://immovlan.be/en/projectdetail/2504989-6488136,2504989-6488136,,Namur,5000.0,,,,,,,,,0,,0,239 000 € - 379 000 €
https://immovlan.be/en/projectdetail/26931-01061037_om_3997,26931-01061037_om_3997,,Beveren,9120.0,,,,,,,,,0,,0,269 000 € - 360 000 €
https://immovlan.be/en/projectdetail/24069-7238307,24069-7238307,,Aalst,9300.0,,,,,,,,,0,,0,442 774 € - 469 290 €
https://immovlan.be/en/projectdetail/26931-01061037_om_4006,26931-01061037_om_4006,,Stekene,9190.0,,,,,,,,,0,,0,450 000 € - 515 000 €
https://immovlan.be/en/projectdetail/2407531-4060529,2407531-4060529,,Houthulst,8650.0,,,,,,,,,0,,0,389 518 € - 399 950 €
https://immovlan.be/en/projectdetail/26931-01061037_om_4013,26931-01061037_om_4013,,Haasdonk,9120.0,,,,,,,,,0,,0,579 000 € - 698 000 €
https://immovlan.be/en/projectdetail/24106-00053845_om_10016,24106-00053845_om_10016,,Kemzeke,9190.0,,,,,,,,,0,,0,225 000 € - 350 000 €
https://immovlan.be/en/projectdetail/26931-01061037_om_4080,26931-01061037_om_4080,,Sint-Niklaas,9100.0,,,,,,,,,0,,0,721 000 € - 725 000 €
https://immovlan.be/en/projectdetail/26931-01061037_om_4095,26931-01061037_om_4095,,Haasdonk,9120.0,,,,,,,,,0,,0,635 000 € - 665 000 €
https://immovlan.be/en/projectdetail/24106-00053845_om_10114,24106-00053845_om_10114,,Stekene,9190.0,,,,,,,,,0,,0,394 821 € - 449 014 €
https://immovlan.be/en/projectdetail/24106-00053845_om_10210,24106-00053845_om_10210,,Vrasene,9120.0,,,,,,,,,0,,0,417 000 € - 429 000 €
https://immovlan.be/en/projectdetail/27022-6776710,27022-6776710,,Ukkel,1180.0,,,,,,,,,0,,0,599 000 € - 899 000 €
https://immovlan.be/en/projectdetail/24106-00053845_om_10235,24106-00053845_om_10235,,Stekene,9190.0,,,,,,,,,0,,0,435 000 € - 495 000 €
https://immovlan.be/en/projectdetail/27022-7198232,27022-7198232,,Oudergem,1160.0,,,,,,,,,0,,0,440 000 € - 1 695 000 €
https://immovlan.be/en/projectdetail/25733-3636747,25733-3636747,,Oostende,8400.0,,,,,,,,,0,,0,199 000 € - 370 000 €
https://immovlan.be/en/projectdetail/24106-00053845_om_10363,24106-00053845_om_10363,,Sint-Niklaas,9100.0,,,,,,,,,0,,0,473 778 € - 516 232 €
https://immovlan.be/en/projectdetail/25733-3750229,25733-3750229,,Oostende,8400.0,,,,,,,,,0,,0,649 000 € - 699 000 €
https://immovlan.be/en/projectdetail/24106-00053845_om_8798,24106-00053845_om_8798,,Kemzeke,9190.0,,,,,,,,,0,,0,479 000 € - 518 000 €
https://immovlan.be/en/projectdetail/2724960-5831869,2724960-5831869,,Barchon,4671.0,,,,,,,,,0,,0,249 000 € - 299 500 €
https://immovlan.be/en/projectdetail/25733-3791321,25733-3791321,,Oostende,8400.0,,,,,,,,,0,,0,280 000 € - 345 000 €
https://immovlan.be/en/projectdetail/24106-00053845_om_8829,24106-00053845_om_8829,,Stekene,9190.0,,,,,,,,,0,,0,443 000 € - 471 000 €
https://immovlan.be/en/projectdetail/25733-4102767,25733-4102767,,Oostende,8400.0,,,,,,,,,0,,0,295 000 € - 430 000 €
https://immovlan.be/en/projectdetail/2724960-5832447,2724960-5832447,,Barchon,4671.0,,,,,,,,,0,,0,334 000 € - 396 000 €
https://immovlan.be/en/projectdetail/24421-3964648,24421-3964648,,Knokke,8300.0,,,,,,,,,0,,0,815 000 € - 825 000 €
https://immovlan.be/en/projectdetail/2573463-7237991,2573463-7237991,,Berchem-Sainte-Agathe,1082.0,,,,,,,,,0,,0,320 000 € - 425 000 €
https://immovlan.be/en/projectdetail/2724960-5998616,2724960-5998616,,Crisnée,4367.0,,,,,,,,,0,,0,495 000 € - 525 000 €
https://immovlan.be/en/projectdetail/25791-4186977,25791-4186977,,Wellen,3830.0,,,,,,,,,0,,0,416 571 € - 458 071 €
https://immovlan.be/en/projectdetail/24431-p-2275-n2ig4ufr,24431-p-2275-n2ig4ufr,,Erpe-Mere,9420.0,,,,,,,,,0,,0,435 000 € - 560 000 €
https://immovlan.be/en/projectdetail/25812-8467007,25812-8467007,,Kinrooi,3640.0,,,,,,,,,0,,0,305 954 € - 395 500 €
https://immovlan.be/en/projectdetail/2817619-6694866,2817619-6694866,,Geraardsbergen,9500.0,,,,,,,,,0,,0,244 500 € - 725 500 €
https://immovlan.be/en/projectdetail/24431-p-2278-nmeu0c5a,24431-p-2278-nmeu0c5a,,Deinze,9800.0,,,,,,,,,0,,0,301 200 € - 582 000 €
https://immovlan.be/en/projectdetail/25923-6839314,25923-6839314,,Astene,9800.0,,,,,,,,,0,,0,435 000 € - 437 000 €
https://immovlan.be/en/projectdetail/2853502-rmg01422468_om_265388,2853502-rmg01422468_om_265388,,Hasselt,3500.0,,,,,,,,,0,,0,478 850 € - 486 600 €
https://immovlan.be/en/projectdetail/24431-p-vk0101-tfjkrblr,24431-p-vk0101-tfjkrblr,,Astene,9800.0,,,,,,,,,0,,0,363 000 € - 405 000 €
https://immovlan.be/en/projectdetail/2853502-rmg01422468_om_269172,2853502-rmg01422468_om_269172,,Heusden-Zolder,3550.0,,,,,,,,,0,,0,375 000 € - 379 000 €
https://immovlan.be/en/projectdetail/24431-p-vk1269-5joceigi,24431-p-vk1269-5joceigi,,Eke,9810.0,,,,,,,,,0,,0,347 600 € - 353 100 €
https://immovlan.be/en/projectdetail/25923-6839343,25923-6839343,,Deinze,9800.0,,,,,,,,,0,,0,245 000 € - 400 000 €
https://immovlan.be/en/projectdetail/24431-p-vk1705-18z7zzdv,24431-p-vk1705-18z7zzdv,,Herzele,9550.0,,,,,,,,,0,,0,368 200 € - 389 200 €
https://immovlan.be/en/projectdetail/25923-6839666,25923-6839666,,Sint-Lievens-Houtem,9520.0,,,,,,,,,0,,0,480 000 € - 490 000 €
https://immovlan.be/en/projectdetail/24431-p-vk1753-oxaf6kh2,24431-p-vk1753-oxaf6kh2,,Vorst,1190.0,,,,,,,,,0,,0,286 600 € - 333 900 €
https://immovlan.be/en/projectdetail/24431-p-vk2184-8at86gmj,24431-p-vk2184-8at86gmj,,Nieuwpoort,8620.0,,,,,,,,,0,,0,355 400 € - 395 400 €
https://immovlan.be/en/projectdetail/2905433-rmg01424715_om_263712,2905433-rmg01424715_om_263712,,Diepenbeek,3590.0,,,,,,,,,0,,0,279 725 € - 464 620 €
https://immovlan.be/en/projectdetail/24431-p-vk2192-qcoizcun,24431-p-vk2192-qcoizcun,,Dentergem,8720.0,,,,,,,,,0,,0,333 500 € - 379 100 €
https://immovlan.be/en/projectdetail/25923-7082711,25923-7082711,,Gent,9000.0,,,,,,,,,0,,0,525 000 € - 530 000 €
https://immovlan.be/en/projectdetail/2905433-rmg01424715_om_265423,2905433-rmg01424715_om_265423,,Kinrooi,3640.0,,,,,,,,,0,,0,164 711 € - 341 726 €
https://immovlan.be/en/projectdetail/24431-p-vk2196-gevda9fr,24431-p-vk2196-gevda9fr,,Rumst,2840.0,,,,,,,,,0,,0,264 700 € - 427 900 €
https://immovlan.be/en/projectdetail/2905433-rmg01424715_om_270842,2905433-rmg01424715_om_270842,,Diepenbeek,3590.0,,,,,,,,,0,,0,335 000 € - 340 000 €
https://immovlan.be/en/projectdetail/25923-7189727,25923-7189727,,Wetteren,9230.0,,,,,,,,,0,,0,399 000 € - 430 000 €
https://immovlan.be/en/projectdetail/24431-p-vk2208-zyulqvr2,24431-p-vk2208-zyulqvr2,,Aalst,9300.0,,,,,,,,,0,,0,417 700 € - 491 200 €
https://immovlan.be/en/projectdetail/2938138-rmg01426912_om_2299,2938138-rmg01426912_om_2299,,Balen,2490.0,,,,,,,,,0,,0,394 000 € - 396 000 €
https://immovlan.be/en/projectdetail/25923-7192201,25923-7192201,,Deinze,9800.0,,,,,,,,,0,,0,521 240 € - 581 990 €
https://immovlan.be/en/projectdetail/2950353-5529389,2950353-5529389,,Chimay,6460.0,,,,,,,,,0,,0,218 800 € - 406 800 €
https://immovlan.be/en/projectdetail/24431-p-vk2212-scakhae0,24431-p-vk2212-scakhae0,,Zedelgem,8210.0,,,,,,,,,0,,0,267 000 € - 485 000 €
https://immovlan.be/en/projectdetail/2950353-5532745,2950353-5532745,,Jamioulx,6120.0,,,,,,,,,0,,0,452 500 € - 483 400 €
https://immovlan.be/en/projectdetail/25923-7204619,25923-7204619,,Gentbrugge,9050.0,,,,,,,,,0,,0,500 000 € - 566 000 €
https://immovlan.be/en/projectdetail/24431-p-vk2220-oucrm7ve,24431-p-vk2220-oucrm7ve,,Wachtebeke,9185.0,,,,,,,,,0,,0,597 000 € - 616 300 €
https://immovlan.be/en/projectdetail/25923-7206261,25923-7206261,,Gentbrugge,9050.0,,,,,,,,,0,,0,281 000 € - 528 000 €
https://immovlan.be/en/projectdetail/24431-p-vk2227-etfrz02k,24431-p-vk2227-etfrz02k,,Merelbeke,9820.0,,,,,,,,,0,,0,391 700 € - 645 900 €
https://immovlan.be/en/projectdetail/2950353-5822725,2950353-5822725,,Thuin,6530.0,,,,,,,,,0,,0,395 000 € - 407 600 €
https://immovlan.be/en/projectdetail/24431-p-vk2250-9gucv2na,24431-p-vk2250-9gucv2na,,Aarsele,8700.0,,,,,,,,,0,,0,353 000 € - 393 000 €
https://immovlan.be/en/projectdetail/2950353-6324162,2950353-6324162,,Loverval,6280.0,,,,,,,,,0,,0,332 320 € - 923 000 €
https://immovlan.be/en/projectdetail/24431-p-vk2254-fzbjbcd4,24431-p-vk2254-fzbjbcd4,,Astene,9800.0,,,,,,,,,0,,0,435 000 € - 446 000 €
https://immovlan.be/en/projectdetail/2980842-6192233,2980842-6192233,,Rijkevorsel,2310.0,,,,,,,,,0,,0,290 000 € - 604 000 €
https://immovlan.be/en/projectdetail/24431-p-vk2262-w203rvm2,24431-p-vk2262-w203rvm2,,Koksijde,8670.0,,,,,,,,,0,,0,315 400 € - 653 800 €
https://immovlan.be/en/projectdetail/2980842-6268413,2980842-6268413,,Rijkevorsel,2310.0,,,,,,,,,0,,0,423 500 € - 535 000 €
https://immovlan.be/en/projectdetail/24431-p-vk2266-bhswwk8e,24431-p-vk2266-bhswwk8e,,Knokke-Heist,8300.0,,,,,,,,,0,,0,437 000 € - 576 700 €
https://immovlan.be/en/projectdetail/2980843-6192226,2980843-6192226,,Oordegem,9340.0,,,,,,,,,0,,0,- 475 000 €
https://immovlan.be/en/projectdetail/24431-p-vk2273-dhiftbxl,24431-p-vk2273-dhiftbxl,,Koksijde,8670.0,,,,,,,,,0,,0,384 600 € - 750 200 €
https://immovlan.be/en/projectdetail/3055304-vlan96125909_om_144,3055304-vlan96125909_om_144,,Welkenraedt,4840.0,,,,,,,,,0,,0,129 255 € - 558 800 €
https://immovlan.be/en/projectdetail/25923-7222379,25923-7222379,,Deinze,9800.0,,,,,,,,,0,,0,301 240 € - 431 990 €
https://immovlan.be/en/projectdetail/24431-p-vk2293-kfqopjxp,24431-p-vk2293-kfqopjxp,,Zwevegem,8550.0,,,,,,,,,0,,0,315 000 € - 330 000 €
https://immovlan.be/en/projectdetail/3139480-6828566,3139480-6828566,,Crisnée,4367.0,,,,,,,,,0,,0,307 050 € - 446 500 €
https://immovlan.be/en/projectdetail/25923-7222386,25923-7222386,,Afsnee,9051.0,,,,,,,,,0,,0,250 000 € - 489 000 €
https://immovlan.be/en/projectdetail/3140300-rmg01438137_om_5078,3140300-rmg01438137_om_5078,,Mortsel,2640.0,,,,,,,,,0,,0,390 000 € - 495 000 €
https://immovlan.be/en/projectdetail/24463-6802878,24463-6802878,,Antwerp,2000.0,,,,,,,,,0,,0,500 000 € - 1 100 000 €
https://immovlan.be/en/projectdetail/25923-7222421,25923-7222421,,Gent,9000.0,,,,,,,,,0,,0,250 000 € - 489 000 €
https://immovlan.be/en/projectdetail/25923-7222463,25923-7222463,,Wetteren,9230.0,,,,,,,,,0,,0,420 000 € - 495 000 €
https://immovlan.be/en/projectdetail/3140300-rmg01438137_om_5101,3140300-rmg01438137_om_5101,,Mortsel,2640.0,,,,,,,,,0,,0,199 000 € - 495 000 €
https://immovlan.be/en/projectdetail/24463-6806523,24463-6806523,,Antwerp,2018.0,,,,,,,,,0,,0,299 000 € - 544 000 €
https://immovlan.be/en/projectdetail/25923-7225244,25923-7225244,,Astene,9800.0,,,,,,,,,0,,0,437 000 € - 446 000 €
https://immovlan.be/en/projectdetail/24463-6806909,24463-6806909,,Ekeren,2180.0,,,,,,,,,0,,0,465 000 € - 485 000 €
https://immovlan.be/en/projectdetail/3341014-7011316,3341014-7011316,,Sint-Eloois-Vijve,8793.0,,,,,,,,,0,,0,351 500 € - 356 200 €
https://immovlan.be/en/projectdetail/24463-6807021,24463-6807021,,Ekeren,2180.0,,,,,,,,,0,,0,359 000 € - 369 000 €
https://immovlan.be/en/projectdetail/25923-7225251,25923-7225251,,Sint-Denijs-Westrem,9051.0,,,,,,,,,0,,0,398 000 € - 459 000 €
https://immovlan.be/en/projectdetail/3341014-7012419,3341014-7012419,,Zulte,9870.0,,,,,,,,,0,,0,295 000 € - 345 000 €
https://immovlan.be/en/projectdetail/25923-7225587,25923-7225587,,Zwijnaarde,9052.0,,,,,,,,,0,,0,419 368 € - 556 453 €
https://immovlan.be/en/projectdetail/3504348-489203333,3504348-489203333,,Sambreville,5060.0,,,,,,,,,0,,0,170 000 € - 420 000 €
https://immovlan.be/en/projectdetail/24654-7989077,24654-7989077,,Geel,2440.0,,,,,,,,,0,,0,223 050 € - 687 000 €
https://immovlan.be/en/projectdetail/vi0002083,vi0002083,,Ans,4430.0,,,,,,,,,0,,0,207 000 € - 462 000 €
https://immovlan.be/en/projectdetail/24654-8766263,24654-8766263,,Mol,2400.0,,,,,,,,,0,,0,325 000 € - 349 500 €
https://immovlan.be/en/projectdetail/25923-7225794,25923-7225794,,Wetteren,9230.0,,,,,,,,,0,,0,404 500 € - 427 000 €
https://immovlan.be/en/projectdetail/vi0002146,vi0002146,,Fléron,4620.0,,,,,,,,,0,,0,345 500 € - 367 500 €
https://immovlan.be/en/projectdetail/25923-7225840,25923-7225840,,Deinze,9800.0,,,,,,,,,0,,0,363 000 € - 405 000 €
https://immovlan.be/en/projectdetail/24766-7194287,24766-7194287,,Meerhout,2450.0,,,,,,,,,0,,0,259 080 € - 422 720 €
https://immovlan.be/en/projectdetail/vi0002156,vi0002156,,Liege,4000.0,,,,,,,,,0,,0,255 000 € - 430 000 €
https://immovlan.be/en/projectdetail/24794-00919214_om_10641,24794-00919214_om_10641,,Lippelo,2890.0,,,,,,,,,0,,0,299 000 € - 329 000 €
https://immovlan.be/en/projectdetail/25923-7225932,25923-7225932,,Zaffelare,9080.0,,,,,,,,,0,,0,250 000 € - 335 000 €
https://immovlan.be/en/projectdetail/vi0002163,vi0002163,,Erpent,5101.0,,,,,,,,,0,,0,368 000 € - 458 000 €
https://immovlan.be/en/projectdetail/24794-00919214_om_11197,24794-00919214_om_11197,,Breendonk,2870.0,,,,,,,,,0,,0,309 000 € - 514 000 €
https://immovlan.be/en/projectdetail/vi0002164,vi0002164,,Spa,4900.0,,,,,,,,,0,,0,258 900 € - 349 900 €
https://immovlan.be/en/projectdetail/25923-7226530,25923-7226530,,Destelbergen,9070.0,,,,,,,,,0,,0,768 000 € - 812 000 €
https://immovlan.be/en/projectdetail/vi0002165,vi0002165,,Saive,4671.0,,,,,,,,,0,,0,359 900 € - 399 000 €
https://immovlan.be/en/projectdetail/24794-00919214_om_11598,24794-00919214_om_11598,,Puurs-Sint-Amands,2870.0,,,,,,,,,0,,0,270 441 € - 391 638 €
https://immovlan.be/en/projectdehttps://immovlan.be/en/projectdetail/25923-7237087tail/25923-7234979,25923-7234979,,Oostakker,9041.0,,,,,,,,,0,,0,269 000 € - 495 000 €
https://immovlan.be/en/projectdetail/24794-00919214_om_11605,24794-00919214_om_11605,,Puurs,2870.0,,,,,,,,,0,,0,260 000 € - 420 000 €
https://immovlan.be/en/projectdetail/vi0002166,vi0002166,,Jupille,4020.0,,,,,,,,,0,,0,349 900 € - 412 500 €
https://immovlan.be/en/projectdetail/25923-7235005,25923-7235005,,Zottegem,9620.0,,,,,,,,,0,,0,439 750 € - 539 850 €
https://immovlan.be/en/projectdetail/24794-00919214_om_9767,24794-00919214_om_9767,,Puurs,2870.0,,,,,,,,,0,,0,378 100 € - 410 000 €
https://immovlan.be/en/projectdetail/vi0002170,vi0002170,,Lier,2500.0,,,,,,,,,0,,0,348 000 € - 356 500 €
https://immovlan.be/en/projectdetail/25923-7235014,25923-7235014,,Oostakker,9041.0,,,,,,,,,0,,0,299 000 € - 434 000 €
https://immovlan.be/en/projectdetail/vi0002182,vi0002182,,Spa,4900.0,,,,,,,,,0,,0,280 300 € - 460 300 €
https://immovlan.be/en/projectdetail/24794-00919214_om_9933,24794-00919214_om_9933,,Willebroek,2830.0,,,,,,,,,0,,0,220 000 € - 515 000 €
https://immovlan.be/en/projectdetail/25923-7235431,25923-7235431,,Nevele,9850.0,,,,,,,,,0,,0,372 900 € - 439 000 €
https://immovlan.be/en/projectdetail/vi0002198,vi0002198,,Visé,4600.0,,,,,,,,,0,,0,252 000 € - 465 000 €
https://immovlan.be/en/projectdetail/2480528-rmg01404929_om_246884,2480528-rmg01404929_om_246884,,Antwerp,2000.0,,,,,,,,,0,,0,335 000 € - 700 000 €
,25923-7237087,,Nazareth,9810.0,,,,,,,,,0,,0,347 551 € - 353 109 €
